-- MOBZI Data Dump for PostgreSQL
-- Generated automatically

-- Data for municipios
INSERT INTO municipios (id, nombre, centro_lng, centro_lat, activo, fecha_creacion, fecha_actualizacion) VALUES ('apizaco', 'Apizaco, Tlaxcala', '-98.1435800', '19.4133300', TRUE, '2025-11-13T21:09:34.000Z', '2025-11-13T21:09:34.000Z') ON CONFLICT DO NOTHING;
INSERT INTO municipios (id, nombre, centro_lng, centro_lat, activo, fecha_creacion, fecha_actualizacion) VALUES ('huamantla', 'Huamantla, Tlaxcala', '-97.9250000', '19.3150000', TRUE, '2025-11-13T21:09:34.000Z', '2025-11-13T21:09:34.000Z') ON CONFLICT DO NOTHING;

-- Data for empresas
INSERT INTO empresas (id, nombre, municipio_id, telefono, email, activa, fecha_creacion, fecha_actualizacion) VALUES ('em-1', 'Transportes Huamantla', 'huamantla', '+52 241 123 4567', 'contacto@transporteshuamantla.com', TRUE, '2025-11-20T21:50:00.000Z', '2025-11-20T21:50:00.000Z') ON CONFLICT DO NOTHING;
INSERT INTO empresas (id, nombre, municipio_id, telefono, email, activa, fecha_creacion, fecha_actualizacion) VALUES ('em-10', 'Colectivo', 'apizaco', '+52 241 345 6789', 'colectivos@gmail.com', TRUE, '2025-11-26T06:48:51.000Z', '2025-11-26T06:48:51.000Z') ON CONFLICT DO NOTHING;
INSERT INTO empresas (id, nombre, municipio_id, telefono, email, activa, fecha_creacion, fecha_actualizacion) VALUES ('em-11', 'Supra', 'apizaco', '+52 241 456 7890', 'atencion@supra.com', TRUE, '2025-11-26T06:48:51.000Z', '2025-11-26T06:48:51.000Z') ON CONFLICT DO NOTHING;
INSERT INTO empresas (id, nombre, municipio_id, telefono, email, activa, fecha_creacion, fecha_actualizacion) VALUES ('em-12', 'SMT', 'apizaco', '+52 241 567 8901', 'solucionesdemovilidadterrestre@gmail.smt.co', TRUE, '2025-11-26T06:48:51.000Z', '2025-11-26T06:48:51.000Z') ON CONFLICT DO NOTHING;
INSERT INTO empresas (id, nombre, municipio_id, telefono, email, activa, fecha_creacion, fecha_actualizacion) VALUES ('em-13', 'A.T.A.H', 'apizaco', '+52 241 234 5678', 'contacto@atah.com.mx', TRUE, '2025-11-26T23:48:53.000Z', '2025-11-26T23:48:53.000Z') ON CONFLICT DO NOTHING;
INSERT INTO empresas (id, nombre, municipio_id, telefono, email, activa, fecha_creacion, fecha_actualizacion) VALUES ('em-2', 'Rutas del Altiplano', 'huamantla', '+52 241 234 5678', 'info@rutasdelaltiplano.mx', TRUE, '2025-11-20T21:50:00.000Z', '2025-11-20T21:50:00.000Z') ON CONFLICT DO NOTHING;
INSERT INTO empresas (id, nombre, municipio_id, telefono, email, activa, fecha_creacion, fecha_actualizacion) VALUES ('em-5', 'TransHuamantla Express', 'huamantla', '+52 241 567 8901', 'servicio@transhuamantla.mx', FALSE, '2025-11-20T21:50:00.000Z', '2025-11-20T21:50:00.000Z') ON CONFLICT DO NOTHING;
INSERT INTO empresas (id, nombre, municipio_id, telefono, email, activa, fecha_creacion, fecha_actualizacion) VALUES ('em-7', 'Mobility Tlax', 'huamantla', NULL, NULL, TRUE, '2025-11-20T21:55:30.000Z', '2025-11-20T21:55:30.000Z') ON CONFLICT DO NOTHING;
INSERT INTO empresas (id, nombre, municipio_id, telefono, email, activa, fecha_creacion, fecha_actualizacion) VALUES ('em-8', 'TAU', 'apizaco', '+52 241 123 4567', 'transportesapizaquensesunidos@tau.com', TRUE, '2025-11-26T06:48:51.000Z', '2025-11-26T06:48:51.000Z') ON CONFLICT DO NOTHING;

-- Data for rutas
INSERT INTO rutas (id, nombre, origen, destino, municipio_id, empresa_id, costo_minimo, costo_maximo, moneda, duracion, frecuencia, usuarios_registrados, activa, fecha_creacion, fecha_actualizacion, notas) VALUES ('rt-1763697335447-j0rqi4owd', 'Huamantla - Tlaxcala', 'Av. Cuautémoc', 'El Carmen Xalpatlahuaya', 'huamantla', 'em-7', '8.00', '10.00', 'MXN', '20 - 25 min', 'Cada 10 min', 0, TRUE, '2025-11-20T06:00:00.000Z', '2025-11-21T03:55:35.000Z', 'El tiempo de llegada puede varear por tráfico, peaje o semaforos') ON CONFLICT DO NOTHING;
INSERT INTO rutas (id, nombre, origen, destino, municipio_id, empresa_id, costo_minimo, costo_maximo, moneda, duracion, frecuencia, usuarios_registrados, activa, fecha_creacion, fecha_actualizacion, notas) VALUES ('rt-1763697335475-0f4ri0jzx', 'Centro Huamantla - UTT Apizaco', 'Centro Huamantla', 'UTT Apizaco', 'huamantla', 'em-7', '9.00', '12.00', 'MXN', '30 - 35 min', 'Cada 12 min', 1, TRUE, '2025-11-20T06:00:00.000Z', '2025-12-02T18:26:59.000Z', 'Ruta intermunicipal con alta demanda en horas pico') ON CONFLICT DO NOTHING;
INSERT INTO rutas (id, nombre, origen, destino, municipio_id, empresa_id, costo_minimo, costo_maximo, moneda, duracion, frecuencia, usuarios_registrados, activa, fecha_creacion, fecha_actualizacion, notas) VALUES ('rt-1763697335516-rpm20k6st', 'Huamantla - Teacalco', 'Huamantla Centro', 'Teacalco', 'huamantla', 'em-1', '8.00', '11.00', 'MXN', '25 - 30 min', 'Cada 12 min', 0, TRUE, '2025-11-20T06:00:00.000Z', '2025-11-21T03:55:35.000Z', 'Ruta con tramos rurales') ON CONFLICT DO NOTHING;
INSERT INTO rutas (id, nombre, origen, destino, municipio_id, empresa_id, costo_minimo, costo_maximo, moneda, duracion, frecuencia, usuarios_registrados, activa, fecha_creacion, fecha_actualizacion, notas) VALUES ('rt-1764201164023-72obcsw5h', 'Paradero TAU - Teléfonos', 'Paradero TAU en Av. Cuautémoc', 'TELMEX', 'apizaco', 'em-8', '8.00', '9.00', 'MXN', '15 - 20 min', 'Cada 8 min', 0, TRUE, '2025-11-26T06:00:00.000Z', '2025-11-26T23:52:44.000Z', 'El tiempo de llegada puede varear por tráfico, peaje o semaforos') ON CONFLICT DO NOTHING;
INSERT INTO rutas (id, nombre, origen, destino, municipio_id, empresa_id, costo_minimo, costo_maximo, moneda, duracion, frecuencia, usuarios_registrados, activa, fecha_creacion, fecha_actualizacion, notas) VALUES ('rt-1764201164091-1x82olyf2', 'Paradero TAU - TecNM Campus Apizaco', 'Paradero TAU en Cuautémoc', 'TecNM Campus Apizaco', 'apizaco', 'em-8', '8.00', '9.00', 'MXN', '10 - 15 min', 'Cada 6 min', 2, TRUE, '2025-11-26T06:00:00.000Z', '2025-12-08T18:35:39.000Z', 'El transcurso del tiempo puede variar por motivos de tráfico, peaje, semáforos o cruce del tren') ON CONFLICT DO NOTHING;
INSERT INTO rutas (id, nombre, origen, destino, municipio_id, empresa_id, costo_minimo, costo_maximo, moneda, duracion, frecuencia, usuarios_registrados, activa, fecha_creacion, fecha_actualizacion, notas) VALUES ('rt-1764201164177-yhlvh6phq', 'Base Colectivo Elektra - Bodega Aurrera', 'Elektra', 'Bodega Aurrera', 'apizaco', 'em-10', '8.00', '15.00', 'MXN', '13 - 20 min', 'Cada 10 min', 0, TRUE, '2025-11-26T06:00:00.000Z', '2025-11-26T23:52:44.000Z', 'La ruta se extiende hasta Santa Cruz Tlaxcala, un paradero es Bodega Aurrera.') ON CONFLICT DO NOTHING;
INSERT INTO rutas (id, nombre, origen, destino, municipio_id, empresa_id, costo_minimo, costo_maximo, moneda, duracion, frecuencia, usuarios_registrados, activa, fecha_creacion, fecha_actualizacion, notas) VALUES ('rt-1764202707031-qenouzrko', 'Apizaco - UTT', 'Terminal de Autobuses', 'UTT', 'apizaco', 'em-13', '10.00', '15.00', 'MXN', '40 - 60 min', 'Cada 20 min', 0, TRUE, '2025-11-26T06:00:00.000Z', '2025-12-02T18:28:37.000Z', 'Transportistas suelen esperar a llenar la unidad antes de partir en ambos sentidos, llegan a demorarse hasta 30 minutos de espera.') ON CONFLICT DO NOTHING;
INSERT INTO rutas (id, nombre, origen, destino, municipio_id, empresa_id, costo_minimo, costo_maximo, moneda, duracion, frecuencia, usuarios_registrados, activa, fecha_creacion, fecha_actualizacion, notas) VALUES ('rt-1765199349006-jncw2kct7', 'Apizaco Centro - Plaza Apizaco', 'Parada Colectivo en Jesús Carranza', 'Plaza Apizaco', 'apizaco', 'em-10', '8.00', '8.00', 'MXN', '8 - 14 min', 'Cada 10 min', 0, TRUE, '2025-12-08T06:00:00.000Z', '2025-12-08T13:09:09.000Z', 'Ruta con alta frecuencia en zona céntrica') ON CONFLICT DO NOTHING;

-- Data for paradas
INSERT INTO paradas (id, ruta_id, nombre, orden, coordenada_lng, coordenada_lat, activa, fecha_creacion) VALUES (177, 'rt-1763697335447-j0rqi4owd', 'Av. Cuautémoc', 1, '-97.9231490', '19.3185603', TRUE, '2025-11-21T03:55:35.000Z') ON CONFLICT DO NOTHING;
INSERT INTO paradas (id, ruta_id, nombre, orden, coordenada_lng, coordenada_lat, activa, fecha_creacion) VALUES (178, 'rt-1763697335447-j0rqi4owd', 'Super Che Vías', 2, '-97.9190210', '19.3264135', TRUE, '2025-11-21T03:55:35.000Z') ON CONFLICT DO NOTHING;
INSERT INTO paradas (id, ruta_id, nombre, orden, coordenada_lng, coordenada_lat, activa, fecha_creacion) VALUES (179, 'rt-1763697335447-j0rqi4owd', 'San Martín Notario', 3, '-97.9382471', '19.3591318', TRUE, '2025-11-21T03:55:35.000Z') ON CONFLICT DO NOTHING;
INSERT INTO paradas (id, ruta_id, nombre, orden, coordenada_lng, coordenada_lat, activa, fecha_creacion) VALUES (180, 'rt-1763697335447-j0rqi4owd', 'Veterinaria', 4, '-97.9545549', '19.3800227', TRUE, '2025-11-21T03:55:35.000Z') ON CONFLICT DO NOTHING;
INSERT INTO paradas (id, ruta_id, nombre, orden, coordenada_lng, coordenada_lat, activa, fecha_creacion) VALUES (181, 'rt-1763697335447-j0rqi4owd', 'UTT', 5, '-97.9667428', '19.3864999', TRUE, '2025-11-21T03:55:35.000Z') ON CONFLICT DO NOTHING;
INSERT INTO paradas (id, ruta_id, nombre, orden, coordenada_lng, coordenada_lat, activa, fecha_creacion) VALUES (182, 'rt-1763697335447-j0rqi4owd', 'El Carmen Xalpatlahuaya', 6, '-97.9810980', '19.3969339', TRUE, '2025-11-21T03:55:35.000Z') ON CONFLICT DO NOTHING;
INSERT INTO paradas (id, ruta_id, nombre, orden, coordenada_lng, coordenada_lat, activa, fecha_creacion) VALUES (183, 'rt-1763697335475-0f4ri0jzx', 'Centro Huamantla', 1, '-97.9273000', '19.3151000', TRUE, '2025-11-21T03:55:35.000Z') ON CONFLICT DO NOTHING;
INSERT INTO paradas (id, ruta_id, nombre, orden, coordenada_lng, coordenada_lat, activa, fecha_creacion) VALUES (184, 'rt-1763697335475-0f4ri0jzx', 'Mercado Huamantla', 2, '-97.9302000', '19.3170000', TRUE, '2025-11-21T03:55:35.000Z') ON CONFLICT DO NOTHING;
INSERT INTO paradas (id, ruta_id, nombre, orden, coordenada_lng, coordenada_lat, activa, fecha_creacion) VALUES (185, 'rt-1763697335475-0f4ri0jzx', 'San Carlos', 3, '-97.9451000', '19.3505000', TRUE, '2025-11-21T03:55:35.000Z') ON CONFLICT DO NOTHING;
INSERT INTO paradas (id, ruta_id, nombre, orden, coordenada_lng, coordenada_lat, activa, fecha_creacion) VALUES (186, 'rt-1763697335475-0f4ri0jzx', 'Entrada Apizaco', 4, '-97.9602000', '19.3729000', TRUE, '2025-11-21T03:55:35.000Z') ON CONFLICT DO NOTHING;
INSERT INTO paradas (id, ruta_id, nombre, orden, coordenada_lng, coordenada_lat, activa, fecha_creacion) VALUES (187, 'rt-1763697335475-0f4ri0jzx', 'UTT Apizaco', 5, '-97.9668000', '19.3866000', TRUE, '2025-11-21T03:55:35.000Z') ON CONFLICT DO NOTHING;
INSERT INTO paradas (id, ruta_id, nombre, orden, coordenada_lng, coordenada_lat, activa, fecha_creacion) VALUES (193, 'rt-1763697335516-rpm20k6st', 'Huamantla Centro', 1, '-97.9240000', '19.3135000', TRUE, '2025-11-21T03:55:35.000Z') ON CONFLICT DO NOTHING;
INSERT INTO paradas (id, ruta_id, nombre, orden, coordenada_lng, coordenada_lat, activa, fecha_creacion) VALUES (194, 'rt-1763697335516-rpm20k6st', 'San Francisco', 2, '-97.9151000', '19.3205000', TRUE, '2025-11-21T03:55:35.000Z') ON CONFLICT DO NOTHING;
INSERT INTO paradas (id, ruta_id, nombre, orden, coordenada_lng, coordenada_lat, activa, fecha_creacion) VALUES (195, 'rt-1763697335516-rpm20k6st', 'San Diego', 3, '-97.9050000', '19.3302000', TRUE, '2025-11-21T03:55:35.000Z') ON CONFLICT DO NOTHING;
INSERT INTO paradas (id, ruta_id, nombre, orden, coordenada_lng, coordenada_lat, activa, fecha_creacion) VALUES (196, 'rt-1763697335516-rpm20k6st', 'Teacalco Entrada', 4, '-97.8975000', '19.3368000', TRUE, '2025-11-21T03:55:35.000Z') ON CONFLICT DO NOTHING;
INSERT INTO paradas (id, ruta_id, nombre, orden, coordenada_lng, coordenada_lat, activa, fecha_creacion) VALUES (197, 'rt-1763697335516-rpm20k6st', 'Teacalco', 5, '-97.8943000', '19.3412000', TRUE, '2025-11-21T03:55:35.000Z') ON CONFLICT DO NOTHING;
INSERT INTO paradas (id, ruta_id, nombre, orden, coordenada_lng, coordenada_lat, activa, fecha_creacion) VALUES (198, 'rt-1764201164023-72obcsw5h', 'Paradero TAU en Av. Cuautémoc', 1, '-98.1425640', '19.4117160', TRUE, '2025-11-26T23:52:44.000Z') ON CONFLICT DO NOTHING;
INSERT INTO paradas (id, ruta_id, nombre, orden, coordenada_lng, coordenada_lat, activa, fecha_creacion) VALUES (199, 'rt-1764201164023-72obcsw5h', 'Banco HSBC', 2, '-98.1432140', '19.4127440', TRUE, '2025-11-26T23:52:44.000Z') ON CONFLICT DO NOTHING;
INSERT INTO paradas (id, ruta_id, nombre, orden, coordenada_lng, coordenada_lat, activa, fecha_creacion) VALUES (200, 'rt-1764201164023-72obcsw5h', 'C. Jesús Carranza', 3, '-98.1450830', '19.4135770', TRUE, '2025-11-26T23:52:44.000Z') ON CONFLICT DO NOTHING;
INSERT INTO paradas (id, ruta_id, nombre, orden, coordenada_lng, coordenada_lat, activa, fecha_creacion) VALUES (201, 'rt-1764201164023-72obcsw5h', 'Mariano Matamoros', 4, '-98.1470970', '19.4122470', TRUE, '2025-11-26T23:52:44.000Z') ON CONFLICT DO NOTHING;
INSERT INTO paradas (id, ruta_id, nombre, orden, coordenada_lng, coordenada_lat, activa, fecha_creacion) VALUES (202, 'rt-1764201164023-72obcsw5h', 'C. Barberán y Collar', 5, '-98.1483740', '19.4117860', TRUE, '2025-11-26T23:52:44.000Z') ON CONFLICT DO NOTHING;
INSERT INTO paradas (id, ruta_id, nombre, orden, coordenada_lng, coordenada_lat, activa, fecha_creacion) VALUES (203, 'rt-1764201164023-72obcsw5h', 'Soriana', 6, '-98.1471380', '19.4100350', TRUE, '2025-11-26T23:52:44.000Z') ON CONFLICT DO NOTHING;
INSERT INTO paradas (id, ruta_id, nombre, orden, coordenada_lng, coordenada_lat, activa, fecha_creacion) VALUES (204, 'rt-1764201164023-72obcsw5h', 'TELMEX', 7, '-98.1497360', '19.4091920', TRUE, '2025-11-26T23:52:44.000Z') ON CONFLICT DO NOTHING;
INSERT INTO paradas (id, ruta_id, nombre, orden, coordenada_lng, coordenada_lat, activa, fecha_creacion) VALUES (205, 'rt-1764201164091-1x82olyf2', 'Paradero TAU en Cuautémoc', 1, '-98.1425640', '19.4117160', TRUE, '2025-11-26T23:52:44.000Z') ON CONFLICT DO NOTHING;
INSERT INTO paradas (id, ruta_id, nombre, orden, coordenada_lng, coordenada_lat, activa, fecha_creacion) VALUES (206, 'rt-1764201164091-1x82olyf2', 'C. Jesús Carranza', 2, '-98.1405340', '19.4114620', TRUE, '2025-11-26T23:52:44.000Z') ON CONFLICT DO NOTHING;
INSERT INTO paradas (id, ruta_id, nombre, orden, coordenada_lng, coordenada_lat, activa, fecha_creacion) VALUES (207, 'rt-1764201164091-1x82olyf2', 'Av. Juárez', 3, '-98.1399560', '19.4121940', TRUE, '2025-11-26T23:52:44.000Z') ON CONFLICT DO NOTHING;
INSERT INTO paradas (id, ruta_id, nombre, orden, coordenada_lng, coordenada_lat, activa, fecha_creacion) VALUES (208, 'rt-1764201164091-1x82olyf2', 'PEMEX en Av. José María Morelos', 4, '-98.1386080', '19.4126850', TRUE, '2025-11-26T23:52:44.000Z') ON CONFLICT DO NOTHING;
INSERT INTO paradas (id, ruta_id, nombre, orden, coordenada_lng, coordenada_lat, activa, fecha_creacion) VALUES (209, 'rt-1764201164091-1x82olyf2', 'OXXO en Jesús y San Juan', 5, '-98.1363260', '19.4117280', TRUE, '2025-11-26T23:52:44.000Z') ON CONFLICT DO NOTHING;
INSERT INTO paradas (id, ruta_id, nombre, orden, coordenada_lng, coordenada_lat, activa, fecha_creacion) VALUES (210, 'rt-1764201164091-1x82olyf2', 'Blvd. Francisco I. Madero', 6, '-98.1347600', '19.4110000', TRUE, '2025-11-26T23:52:44.000Z') ON CONFLICT DO NOTHING;
INSERT INTO paradas (id, ruta_id, nombre, orden, coordenada_lng, coordenada_lat, activa, fecha_creacion) VALUES (211, 'rt-1764201164091-1x82olyf2', 'Vías Apizaco', 7, '-98.1343580', '19.4108150', TRUE, '2025-11-26T23:52:44.000Z') ON CONFLICT DO NOTHING;
INSERT INTO paradas (id, ruta_id, nombre, orden, coordenada_lng, coordenada_lat, activa, fecha_creacion) VALUES (212, 'rt-1764201164091-1x82olyf2', 'Entrada a Rafael Salado', 8, '-98.1320520', '19.4098350', TRUE, '2025-11-26T23:52:44.000Z') ON CONFLICT DO NOTHING;
INSERT INTO paradas (id, ruta_id, nombre, orden, coordenada_lng, coordenada_lat, activa, fecha_creacion) VALUES (213, 'rt-1764201164091-1x82olyf2', 'Shell', 9, '-98.1292710', '19.4094790', TRUE, '2025-11-26T23:52:44.000Z') ON CONFLICT DO NOTHING;
INSERT INTO paradas (id, ruta_id, nombre, orden, coordenada_lng, coordenada_lat, activa, fecha_creacion) VALUES (214, 'rt-1764201164091-1x82olyf2', 'Letrero Tzompantepec', 10, '-98.1275580', '19.4090000', TRUE, '2025-11-26T23:52:44.000Z') ON CONFLICT DO NOTHING;
INSERT INTO paradas (id, ruta_id, nombre, orden, coordenada_lng, coordenada_lat, activa, fecha_creacion) VALUES (215, 'rt-1764201164091-1x82olyf2', 'Puente', 11, '-98.1240270', '19.4079370', TRUE, '2025-11-26T23:52:44.000Z') ON CONFLICT DO NOTHING;
INSERT INTO paradas (id, ruta_id, nombre, orden, coordenada_lng, coordenada_lat, activa, fecha_creacion) VALUES (216, 'rt-1764201164091-1x82olyf2', 'TecNM Campus Apizaco', 12, '-98.1212400', '19.4071170', TRUE, '2025-11-26T23:52:44.000Z') ON CONFLICT DO NOTHING;
INSERT INTO paradas (id, ruta_id, nombre, orden, coordenada_lng, coordenada_lat, activa, fecha_creacion) VALUES (223, 'rt-1764201164177-yhlvh6phq', 'Elektra', 1, '-98.1406260', '19.4125780', TRUE, '2025-11-26T23:52:44.000Z') ON CONFLICT DO NOTHING;
INSERT INTO paradas (id, ruta_id, nombre, orden, coordenada_lng, coordenada_lat, activa, fecha_creacion) VALUES (224, 'rt-1764201164177-yhlvh6phq', 'PEMEX en Av. José María Morelos', 2, '-98.1386460', '19.4125670', TRUE, '2025-11-26T23:52:44.000Z') ON CONFLICT DO NOTHING;
INSERT INTO paradas (id, ruta_id, nombre, orden, coordenada_lng, coordenada_lat, activa, fecha_creacion) VALUES (225, 'rt-1764201164177-yhlvh6phq', 'OXXO en Blvd. Francisco I. Madero', 3, '-98.1363410', '19.4117090', TRUE, '2025-11-26T23:52:44.000Z') ON CONFLICT DO NOTHING;
INSERT INTO paradas (id, ruta_id, nombre, orden, coordenada_lng, coordenada_lat, activa, fecha_creacion) VALUES (226, 'rt-1764201164177-yhlvh6phq', 'Super Rivera en Blvd. Francisco I. Madero', 4, '-98.1347720', '19.4110150', TRUE, '2025-11-26T23:52:44.000Z') ON CONFLICT DO NOTHING;
INSERT INTO paradas (id, ruta_id, nombre, orden, coordenada_lng, coordenada_lat, activa, fecha_creacion) VALUES (227, 'rt-1764201164177-yhlvh6phq', 'Bodega Boing Pascual', 5, '-98.1343670', '19.4091290', TRUE, '2025-11-26T23:52:44.000Z') ON CONFLICT DO NOTHING;
INSERT INTO paradas (id, ruta_id, nombre, orden, coordenada_lng, coordenada_lat, activa, fecha_creacion) VALUES (228, 'rt-1764201164177-yhlvh6phq', 'IMSS Loma Florida', 6, '-98.1339880', '19.4065160', TRUE, '2025-11-26T23:52:44.000Z') ON CONFLICT DO NOTHING;
INSERT INTO paradas (id, ruta_id, nombre, orden, coordenada_lng, coordenada_lat, activa, fecha_creacion) VALUES (229, 'rt-1764201164177-yhlvh6phq', 'Bodega Aurrera', 7, '-98.1334640', '19.4045210', TRUE, '2025-11-26T23:52:44.000Z') ON CONFLICT DO NOTHING;
INSERT INTO paradas (id, ruta_id, nombre, orden, coordenada_lng, coordenada_lat, activa, fecha_creacion) VALUES (260, 'rt-1764202707031-qenouzrko', 'Terminal de Autobuses', 1, '-98.1432050', '19.4117880', TRUE, '2025-11-27T00:18:27.000Z') ON CONFLICT DO NOTHING;
INSERT INTO paradas (id, ruta_id, nombre, orden, coordenada_lng, coordenada_lat, activa, fecha_creacion) VALUES (261, 'rt-1764202707031-qenouzrko', 'Salida de la Terminal de Autobuses', 2, '-98.1429110', '19.4124580', TRUE, '2025-11-27T00:18:27.000Z') ON CONFLICT DO NOTHING;
INSERT INTO paradas (id, ruta_id, nombre, orden, coordenada_lng, coordenada_lat, activa, fecha_creacion) VALUES (262, 'rt-1764202707031-qenouzrko', 'C. Jesús Carranza', 3, '-98.1406110', '19.4114650', TRUE, '2025-11-27T00:18:27.000Z') ON CONFLICT DO NOTHING;
INSERT INTO paradas (id, ruta_id, nombre, orden, coordenada_lng, coordenada_lat, activa, fecha_creacion) VALUES (263, 'rt-1764202707031-qenouzrko', 'Av. Juárez', 4, '-98.1399530', '19.4121960', TRUE, '2025-11-27T00:18:27.000Z') ON CONFLICT DO NOTHING;
INSERT INTO paradas (id, ruta_id, nombre, orden, coordenada_lng, coordenada_lat, activa, fecha_creacion) VALUES (264, 'rt-1764202707031-qenouzrko', 'Computec en Av. Juárez', 5, '-98.1394930', '19.4130860', TRUE, '2025-11-27T00:18:27.000Z') ON CONFLICT DO NOTHING;
INSERT INTO paradas (id, ruta_id, nombre, orden, coordenada_lng, coordenada_lat, activa, fecha_creacion) VALUES (265, 'rt-1764202707031-qenouzrko', 'Av. Juárez 101', 6, '-98.1385100', '19.4149600', TRUE, '2025-11-27T00:18:27.000Z') ON CONFLICT DO NOTHING;
INSERT INTO paradas (id, ruta_id, nombre, orden, coordenada_lng, coordenada_lat, activa, fecha_creacion) VALUES (266, 'rt-1764202707031-qenouzrko', 'Coppel las Vías', 7, '-98.1351400', '19.4134900', TRUE, '2025-11-27T00:18:27.000Z') ON CONFLICT DO NOTHING;
INSERT INTO paradas (id, ruta_id, nombre, orden, coordenada_lng, coordenada_lat, activa, fecha_creacion) VALUES (267, 'rt-1764202707031-qenouzrko', 'PEMEX', 8, '-98.1235710', '19.4125540', TRUE, '2025-11-27T00:18:27.000Z') ON CONFLICT DO NOTHING;
INSERT INTO paradas (id, ruta_id, nombre, orden, coordenada_lng, coordenada_lat, activa, fecha_creacion) VALUES (268, 'rt-1764202707031-qenouzrko', 'Café La Gloria', 9, '-98.1196530', '19.4131400', TRUE, '2025-11-27T00:18:27.000Z') ON CONFLICT DO NOTHING;
INSERT INTO paradas (id, ruta_id, nombre, orden, coordenada_lng, coordenada_lat, activa, fecha_creacion) VALUES (269, 'rt-1764202707031-qenouzrko', 'ES Gasolinera', 10, '-98.1104010', '19.4108270', TRUE, '2025-11-27T00:18:27.000Z') ON CONFLICT DO NOTHING;
INSERT INTO paradas (id, ruta_id, nombre, orden, coordenada_lng, coordenada_lat, activa, fecha_creacion) VALUES (270, 'rt-1764202707031-qenouzrko', 'Deshuesadero Apizaco', 11, '-98.1074400', '19.4096620', TRUE, '2025-11-27T00:18:27.000Z') ON CONFLICT DO NOTHING;
INSERT INTO paradas (id, ruta_id, nombre, orden, coordenada_lng, coordenada_lat, activa, fecha_creacion) VALUES (271, 'rt-1764202707031-qenouzrko', 'Puente Atlax', 12, '-98.0932430', '19.4060320', TRUE, '2025-11-27T00:18:27.000Z') ON CONFLICT DO NOTHING;
INSERT INTO paradas (id, ruta_id, nombre, orden, coordenada_lng, coordenada_lat, activa, fecha_creacion) VALUES (272, 'rt-1764202707031-qenouzrko', 'Puente Xalostoc', 13, '-98.0601810', '19.3947090', TRUE, '2025-11-27T00:18:27.000Z') ON CONFLICT DO NOTHING;
INSERT INTO paradas (id, ruta_id, nombre, orden, coordenada_lng, coordenada_lat, activa, fecha_creacion) VALUES (273, 'rt-1764202707031-qenouzrko', 'San Pedro Tlacotepec', 14, '-98.0595970', '19.3949380', TRUE, '2025-11-27T00:18:27.000Z') ON CONFLICT DO NOTHING;
INSERT INTO paradas (id, ruta_id, nombre, orden, coordenada_lng, coordenada_lat, activa, fecha_creacion) VALUES (274, 'rt-1764202707031-qenouzrko', 'Sec. Gral. Adrian Vazquez S.', 15, '-98.0558050', '19.3967270', TRUE, '2025-11-27T00:18:27.000Z') ON CONFLICT DO NOTHING;
INSERT INTO paradas (id, ruta_id, nombre, orden, coordenada_lng, coordenada_lat, activa, fecha_creacion) VALUES (275, 'rt-1764202707031-qenouzrko', 'PEMEX Xalostoc', 16, '-98.0505840', '19.4010980', TRUE, '2025-11-27T00:18:27.000Z') ON CONFLICT DO NOTHING;
INSERT INTO paradas (id, ruta_id, nombre, orden, coordenada_lng, coordenada_lat, activa, fecha_creacion) VALUES (276, 'rt-1764202707031-qenouzrko', 'Super Rivera Sucursal Xalostoc', 17, '-98.0486770', '19.4030600', TRUE, '2025-11-27T00:18:27.000Z') ON CONFLICT DO NOTHING;
INSERT INTO paradas (id, ruta_id, nombre, orden, coordenada_lng, coordenada_lat, activa, fecha_creacion) VALUES (277, 'rt-1764202707031-qenouzrko', 'Plaza de La Constitución', 18, '-98.0480210', '19.4036310', TRUE, '2025-11-27T00:18:27.000Z') ON CONFLICT DO NOTHING;
INSERT INTO paradas (id, ruta_id, nombre, orden, coordenada_lng, coordenada_lat, activa, fecha_creacion) VALUES (278, 'rt-1764202707031-qenouzrko', 'Aldama', 19, '-98.0459680', '19.4051970', TRUE, '2025-11-27T00:18:27.000Z') ON CONFLICT DO NOTHING;
INSERT INTO paradas (id, ruta_id, nombre, orden, coordenada_lng, coordenada_lat, activa, fecha_creacion) VALUES (279, 'rt-1764202707031-qenouzrko', 'Guadalupe Victoria', 20, '-98.0468000', '19.4060550', TRUE, '2025-11-27T00:18:27.000Z') ON CONFLICT DO NOTHING;
INSERT INTO paradas (id, ruta_id, nombre, orden, coordenada_lng, coordenada_lat, activa, fecha_creacion) VALUES (280, 'rt-1764202707031-qenouzrko', 'Tiendas 3B Xalostoc', 21, '-98.0453790', '19.4091410', TRUE, '2025-11-27T00:18:27.000Z') ON CONFLICT DO NOTHING;
INSERT INTO paradas (id, ruta_id, nombre, orden, coordenada_lng, coordenada_lat, activa, fecha_creacion) VALUES (281, 'rt-1764202707031-qenouzrko', 'Tercera Secc Sta Martha', 22, '-98.0390460', '19.4130190', TRUE, '2025-11-27T00:18:27.000Z') ON CONFLICT DO NOTHING;
INSERT INTO paradas (id, ruta_id, nombre, orden, coordenada_lng, coordenada_lat, activa, fecha_creacion) VALUES (282, 'rt-1764202707031-qenouzrko', 'EL DOMO', 23, '-98.0337900', '19.4159120', TRUE, '2025-11-27T00:18:27.000Z') ON CONFLICT DO NOTHING;
INSERT INTO paradas (id, ruta_id, nombre, orden, coordenada_lng, coordenada_lat, activa, fecha_creacion) VALUES (283, 'rt-1764202707031-qenouzrko', 'Capilla A San Isidro Labrador', 24, '-98.0322650', '19.4174250', TRUE, '2025-11-27T00:18:27.000Z') ON CONFLICT DO NOTHING;
INSERT INTO paradas (id, ruta_id, nombre, orden, coordenada_lng, coordenada_lat, activa, fecha_creacion) VALUES (284, 'rt-1764202707031-qenouzrko', 'Velazco', 25, '-98.0156210', '19.4302370', TRUE, '2025-11-27T00:18:27.000Z') ON CONFLICT DO NOTHING;
INSERT INTO paradas (id, ruta_id, nombre, orden, coordenada_lng, coordenada_lat, activa, fecha_creacion) VALUES (285, 'rt-1764202707031-qenouzrko', 'BP Gasolinera', 26, '-98.0121790', '19.4327150', TRUE, '2025-11-27T00:18:27.000Z') ON CONFLICT DO NOTHING;
INSERT INTO paradas (id, ruta_id, nombre, orden, coordenada_lng, coordenada_lat, activa, fecha_creacion) VALUES (286, 'rt-1764202707031-qenouzrko', 'Paradero 1', 27, '-98.0072040', '19.4306450', TRUE, '2025-11-27T00:18:27.000Z') ON CONFLICT DO NOTHING;
INSERT INTO paradas (id, ruta_id, nombre, orden, coordenada_lng, coordenada_lat, activa, fecha_creacion) VALUES (287, 'rt-1764202707031-qenouzrko', 'Paradero 2', 28, '-97.9947510', '19.4204680', TRUE, '2025-11-27T00:18:27.000Z') ON CONFLICT DO NOTHING;
INSERT INTO paradas (id, ruta_id, nombre, orden, coordenada_lng, coordenada_lat, activa, fecha_creacion) VALUES (288, 'rt-1764202707031-qenouzrko', 'Paradero 3', 29, '-97.9614160', '19.3847060', TRUE, '2025-11-27T00:18:27.000Z') ON CONFLICT DO NOTHING;
INSERT INTO paradas (id, ruta_id, nombre, orden, coordenada_lng, coordenada_lat, activa, fecha_creacion) VALUES (289, 'rt-1764202707031-qenouzrko', '1er Acceso UTT ', 30, '-97.9647370', '19.3852980', TRUE, '2025-11-27T00:18:27.000Z') ON CONFLICT DO NOTHING;
INSERT INTO paradas (id, ruta_id, nombre, orden, coordenada_lng, coordenada_lat, activa, fecha_creacion) VALUES (290, 'rt-1764202707031-qenouzrko', 'UTT', 31, '-97.9668860', '19.3859140', TRUE, '2025-11-27T00:18:27.000Z') ON CONFLICT DO NOTHING;
INSERT INTO paradas (id, ruta_id, nombre, orden, coordenada_lng, coordenada_lat, activa, fecha_creacion) VALUES (298, 'rt-1765199349006-jncw2kct7', 'Parada Colectivo en Jesús Carranza', 1, '-98.1421700', '19.4123400', TRUE, '2025-12-08T13:09:09.000Z') ON CONFLICT DO NOTHING;
INSERT INTO paradas (id, ruta_id, nombre, orden, coordenada_lng, coordenada_lat, activa, fecha_creacion) VALUES (299, 'rt-1765199349006-jncw2kct7', 'C. Jesús Carranza', 2, '-98.1421700', '19.4123400', TRUE, '2025-12-08T13:09:09.000Z') ON CONFLICT DO NOTHING;
INSERT INTO paradas (id, ruta_id, nombre, orden, coordenada_lng, coordenada_lat, activa, fecha_creacion) VALUES (300, 'rt-1765199349006-jncw2kct7', 'Av. Juárez', 3, '-98.1399560', '19.4121940', TRUE, '2025-12-08T13:09:09.000Z') ON CONFLICT DO NOTHING;
INSERT INTO paradas (id, ruta_id, nombre, orden, coordenada_lng, coordenada_lat, activa, fecha_creacion) VALUES (301, 'rt-1765199349006-jncw2kct7', 'Av. Juárez 101', 4, '-98.1385100', '19.4149600', TRUE, '2025-12-08T13:09:09.000Z') ON CONFLICT DO NOTHING;
INSERT INTO paradas (id, ruta_id, nombre, orden, coordenada_lng, coordenada_lat, activa, fecha_creacion) VALUES (302, 'rt-1765199349006-jncw2kct7', 'Tienda Coppel', 5, '-98.1351400', '19.4134900', TRUE, '2025-12-08T13:09:09.000Z') ON CONFLICT DO NOTHING;
INSERT INTO paradas (id, ruta_id, nombre, orden, coordenada_lng, coordenada_lat, activa, fecha_creacion) VALUES (303, 'rt-1765199349006-jncw2kct7', 'Plaza Apizaco', 6, '-98.1330400', '19.4122500', TRUE, '2025-12-08T13:09:09.000Z') ON CONFLICT DO NOTHING;

-- Data for horarios
INSERT INTO horarios (id, ruta_id, dia, salidas, activo, fecha_creacion, fecha_actualizacion) VALUES (65, 'rt-1763697335447-j0rqi4owd', 'Lunes - Sábado', '["06:00","06:20","06:40","07:00"]', TRUE, '2025-11-21T03:55:35.000Z', '2025-11-21T03:55:35.000Z') ON CONFLICT DO NOTHING;
INSERT INTO horarios (id, ruta_id, dia, salidas, activo, fecha_creacion, fecha_actualizacion) VALUES (66, 'rt-1763697335447-j0rqi4owd', 'Domingo', '["08:00","08:20","08:40","09:00"]', TRUE, '2025-11-21T03:55:35.000Z', '2025-11-21T03:55:35.000Z') ON CONFLICT DO NOTHING;
INSERT INTO horarios (id, ruta_id, dia, salidas, activo, fecha_creacion, fecha_actualizacion) VALUES (67, 'rt-1763697335475-0f4ri0jzx', 'Lunes - Sábado', '["06:00","06:30","07:00","07:30"]', TRUE, '2025-11-21T03:55:35.000Z', '2025-11-21T03:55:35.000Z') ON CONFLICT DO NOTHING;
INSERT INTO horarios (id, ruta_id, dia, salidas, activo, fecha_creacion, fecha_actualizacion) VALUES (68, 'rt-1763697335475-0f4ri0jzx', 'Domingo', '["08:00","08:30","09:00"]', TRUE, '2025-11-21T03:55:35.000Z', '2025-11-21T03:55:35.000Z') ON CONFLICT DO NOTHING;
INSERT INTO horarios (id, ruta_id, dia, salidas, activo, fecha_creacion, fecha_actualizacion) VALUES (70, 'rt-1763697335516-rpm20k6st', 'Lunes - Sábado', '["05:30","06:00","06:30","07:00"]', TRUE, '2025-11-21T03:55:35.000Z', '2025-11-21T03:55:35.000Z') ON CONFLICT DO NOTHING;
INSERT INTO horarios (id, ruta_id, dia, salidas, activo, fecha_creacion, fecha_actualizacion) VALUES (71, 'rt-1763697335516-rpm20k6st', 'Domingo', '["07:00","07:30","08:00"]', TRUE, '2025-11-21T03:55:35.000Z', '2025-11-21T03:55:35.000Z') ON CONFLICT DO NOTHING;
INSERT INTO horarios (id, ruta_id, dia, salidas, activo, fecha_creacion, fecha_actualizacion) VALUES (72, 'rt-1764201164023-72obcsw5h', 'Lunes - Sábado', '["06:00","06:20","06:40","07:00"]', TRUE, '2025-11-26T23:52:44.000Z', '2025-11-26T23:52:44.000Z') ON CONFLICT DO NOTHING;
INSERT INTO horarios (id, ruta_id, dia, salidas, activo, fecha_creacion, fecha_actualizacion) VALUES (73, 'rt-1764201164023-72obcsw5h', 'Domingo', '["08:00","08:20","08:40","09:00"]', TRUE, '2025-11-26T23:52:44.000Z', '2025-11-26T23:52:44.000Z') ON CONFLICT DO NOTHING;
INSERT INTO horarios (id, ruta_id, dia, salidas, activo, fecha_creacion, fecha_actualizacion) VALUES (74, 'rt-1764201164091-1x82olyf2', 'Lunes - Sábado', '["06:00","06:20","06:40","08:30"]', TRUE, '2025-11-26T23:52:44.000Z', '2025-11-26T23:52:44.000Z') ON CONFLICT DO NOTHING;
INSERT INTO horarios (id, ruta_id, dia, salidas, activo, fecha_creacion, fecha_actualizacion) VALUES (75, 'rt-1764201164091-1x82olyf2', 'Domingo', '["07:00","07:20","08:20"]', TRUE, '2025-11-26T23:52:44.000Z', '2025-11-26T23:52:44.000Z') ON CONFLICT DO NOTHING;
INSERT INTO horarios (id, ruta_id, dia, salidas, activo, fecha_creacion, fecha_actualizacion) VALUES (78, 'rt-1764201164177-yhlvh6phq', 'Lunes - Viernes', '["06:00","06:20","06:40","07:00"]', TRUE, '2025-11-26T23:52:44.000Z', '2025-11-26T23:52:44.000Z') ON CONFLICT DO NOTHING;
INSERT INTO horarios (id, ruta_id, dia, salidas, activo, fecha_creacion, fecha_actualizacion) VALUES (79, 'rt-1764201164177-yhlvh6phq', 'Sábado - Domingo', '["07:00","07:30","08:00"]', TRUE, '2025-11-26T23:52:44.000Z', '2025-11-26T23:52:44.000Z') ON CONFLICT DO NOTHING;
INSERT INTO horarios (id, ruta_id, dia, salidas, activo, fecha_creacion, fecha_actualizacion) VALUES (81, 'rt-1764202707031-qenouzrko', 'Diario', '["06:00","06:20","06:40","07:00","07:20"]', TRUE, '2025-11-27T00:18:27.000Z', '2025-11-27T00:18:27.000Z') ON CONFLICT DO NOTHING;
INSERT INTO horarios (id, ruta_id, dia, salidas, activo, fecha_creacion, fecha_actualizacion) VALUES (84, 'rt-1765199349006-jncw2kct7', 'Lunes - Sábado', '["06:00","06:30","07:00","07:30"]', TRUE, '2025-12-08T13:09:09.000Z', '2025-12-08T13:09:09.000Z') ON CONFLICT DO NOTHING;
INSERT INTO horarios (id, ruta_id, dia, salidas, activo, fecha_creacion, fecha_actualizacion) VALUES (85, 'rt-1765199349006-jncw2kct7', 'Domingo', '["08:00","08:30","09:00"]', TRUE, '2025-12-08T13:09:09.000Z', '2025-12-08T13:09:09.000Z') ON CONFLICT DO NOTHING;

